model_key,model,metric,n,estimate,ci_95_lower,ci_95_upper,bootstrap_replicates,question_clusters,seed
qwen,Qwen2.5-7B-Instruct,country_influence,144,0.028082443820185012,-0.007665892909074293,0.06595710986485609,10000,44,42
qwen,Qwen2.5-7B-Instruct,evidence_influence,144,0.26758962481528126,0.2201952059317182,0.3196677491463949,10000,44,42
qwen,Qwen2.5-7B-Instruct,evidence_advantage,144,0.23950718099509624,0.19316944853341225,0.2909842836740523,10000,44,42
qwen,Qwen2.5-7B-Instruct,EO_raw,200,0.6384224188512423,0.5713934174203635,0.6953755579025486,10000,44,42
qwen,Qwen2.5-7B-Instruct,EO_normalized,200,0.6685640350548292,0.5916200198785708,0.7394185247568318,10000,44,42
llama,Llama-3.1-8B-Instruct,country_influence,144,0.05528994258166125,0.03293490060085604,0.08080381234556065,10000,44,42
llama,Llama-3.1-8B-Instruct,evidence_influence,144,0.18444529339210258,0.1496016852237651,0.22178561273689465,10000,44,42
llama,Llama-3.1-8B-Instruct,evidence_advantage,144,0.12915535081044136,0.09703679707136116,0.16578910241916298,10000,44,42
llama,Llama-3.1-8B-Instruct,EO_raw,200,0.6146763959985936,0.5562955733987088,0.6631355929224961,10000,44,42
llama,Llama-3.1-8B-Instruct,EO_normalized,200,0.7114358907606618,0.6415560824520417,0.7711889788277443,10000,44,42
mistral,Mistral-7B-Instruct-v0.3,country_influence,144,0.04467763168704687,0.004066352664046304,0.089229599407596,10000,44,42
mistral,Mistral-7B-Instruct-v0.3,evidence_influence,144,0.22053033433821234,0.16473473010745496,0.2786246714795455,10000,44,42
mistral,Mistral-7B-Instruct-v0.3,evidence_advantage,144,0.17585270265116548,0.12865413631725908,0.22314782557363652,10000,44,42
mistral,Mistral-7B-Instruct-v0.3,EO_raw,200,0.5167487916525012,0.42730824706116094,0.6017720232006585,10000,44,42
mistral,Mistral-7B-Instruct-v0.3,EO_normalized,200,0.5433332134305029,0.4408328343812688,0.6420706385614148,10000,44,42
gemma,Gemma-2-9B-It,country_influence,144,0.07145092846324903,0.02730156986031643,0.11639484632807456,10000,44,42
gemma,Gemma-2-9B-It,evidence_influence,144,0.2835949176283289,0.23016637939122098,0.33813034206869175,10000,44,42
gemma,Gemma-2-9B-It,evidence_advantage,144,0.21214398916507984,0.16190154521231204,0.26261906930672807,10000,44,42
gemma,Gemma-2-9B-It,EO_raw,200,0.6847342292554661,0.6287851943236706,0.7271900088374719,10000,44,42
gemma,Gemma-2-9B-It,EO_normalized,200,0.7280412992136129,0.6564566569514566,0.7881940165454694,10000,44,42
