question_id,label_country,evidence_country,unit_id,domain,EO_normalized_gemma,EO_normalized_llama,EO_normalized_mistral,EO_normalized_qwen,classification_gemma,classification_llama,classification_mistral,classification_qwen,evidence_side_models,label_side_models,tie_models,EO_normalized_mean,EO_normalized_variance
Q0059,El Salvador,India (Current national sample),Q0059::El Salvador=>India (Current national sample),GAS,0.8752090550914473,0.9076880437827082,0.6702211787613667,0.8733826403138549,evidence-side,evidence-side,evidence-side,evidence-side,4,0,0,0.8316252294873443,0.008870012630626955
Q0059,India (Current national sample),El Salvador,Q0059::India (Current national sample)=>El Salvador,GAS,0.5396595418356924,0.6804697584952598,0.33300782155173336,0.3330039593014209,evidence-side,evidence-side,evidence-side,evidence-side,4,0,0,0.4715352702960266,0.02166882872834315
Q0059,India (Current national sample),Pakistan,Q0059::India (Current national sample)=>Pakistan,GAS,0.6206471270225321,0.642862397935769,0.6190600523972393,0.6172290732544721,evidence-side,evidence-side,evidence-side,evidence-side,4,0,0,0.6249496626525031,0.00010841822694685717
Q0059,India (Current national sample),S. Korea,Q0059::India (Current national sample)=>S. Korea,GAS,0.6010751386061988,0.6207841918753765,0.599423819283627,0.5994237263431523,evidence-side,evidence-side,evidence-side,evidence-side,4,0,0,0.6051767190270887,8.16522377347038e-05
Q0059,Pakistan,India (Current national sample),Q0059::Pakistan=>India (Current national sample),GAS,0.852565416538757,0.8512235629331566,0.8501956763839097,0.850177835447129,evidence-side,evidence-side,evidence-side,evidence-side,4,0,0,0.8510406228257381,9.54199875102439e-07
Q0059,S. Korea,India (Current national sample),Q0059::S. Korea=>India (Current national sample),GAS,0.8767669100205202,0.8774984415297644,0.8728989939124976,0.8727338499107982,evidence-side,evidence-side,evidence-side,evidence-side,4,0,0,0.8749745488433951,4.72781321482196e-06
Q0160,El Salvador,Jordan,Q0160::El Salvador=>Jordan,GAS,0.5206576288585324,0.5118131652112239,0.3674405024327477,0.48781667117690225,evidence-side,evidence-side,evidence-side,evidence-side,4,0,0,0.4719319919198516,0.003783872522127382
Q0160,Ghana,Jordan,Q0160::Ghana=>Jordan,GAS,0.42237113506792884,0.8315536821901406,0.4492835972474238,0.44935370951444703,evidence-side,evidence-side,evidence-side,evidence-side,4,0,0,0.538140531004985,0.028818121167805532
Q0160,Jordan,El Salvador,Q0160::Jordan=>El Salvador,GAS,0.5281439692812832,0.661936412791133,0.5749092097218419,0.5513653579618957,evidence-side,evidence-side,evidence-side,evidence-side,4,0,0,0.5790887374390384,0.002561290233866493
Q0160,Jordan,Ghana,Q0160::Jordan=>Ghana,GAS,0.38245955232888,0.8329216462031558,0.5997878442572798,0.599787297099772,evidence-side,evidence-side,evidence-side,evidence-side,4,0,0,0.6037390849722718,0.025380126717450706
Q0160,Jordan,Uzbekistan,Q0160::Jordan=>Uzbekistan,GAS,0.497574895015867,0.750477436795102,0.5280801561544484,0.5671066404895265,evidence-side,evidence-side,evidence-side,evidence-side,4,0,0,0.585809782113736,0.009645837254862448
Q0160,Uzbekistan,Jordan,Q0160::Uzbekistan=>Jordan,GAS,0.517215892752009,0.5055483449052989,0.406259904077919,0.4819934595132704,evidence-side,evidence-side,evidence-side,evidence-side,4,0,0,0.47775440031212435,0.0018647863390812871
Q0238,Israel,Morocco,Q0238::Israel=>Morocco,GAS,0.5192994374321419,0.6917240784507002,0.6193978349484798,0.5300827565273458,evidence-side,evidence-side,evidence-side,evidence-side,4,0,0,0.5901260268396669,0.004950150729504483
Q0238,Morocco,Israel,Q0238::Morocco=>Israel,GAS,0.8513880842678863,0.8845077546464378,0.8502194876841913,0.8501756494337559,evidence-side,evidence-side,evidence-side,evidence-side,4,0,0,0.8590727440080679,0.0002158830502242182
Q0238,Morocco,Turkey,Q0238::Morocco=>Turkey,GAS,0.7961593748704953,0.8092675177033837,0.7944411416885352,0.7944082761712391,evidence-side,evidence-side,evidence-side,evidence-side,4,0,0,0.7985690776084133,3.865385282725256e-05
Q0238,Turkey,Morocco,Q0238::Turkey=>Morocco,GAS,0.5235963998408232,0.5321598943276961,0.42087387600269865,0.5206403830305221,evidence-side,evidence-side,evidence-side,evidence-side,4,0,0,0.49931763830043496,0.002069038832285854
Q0254,Indonesia,Sweden,Q0254::Indonesia=>Sweden,GAS,0.8495554682736325,0.869398586646124,-0.10497504743380132,0.8417412716877316,evidence-side,evidence-side,label-side,evidence-side,3,1,0,0.6139300697934217,0.17237650069897367
Q0254,Sweden,Indonesia,Q0254::Sweden=>Indonesia,GAS,0.3613021559974017,0.3369805609944098,-0.8913785596688225,-0.826043081052632,evidence-side,evidence-side,label-side,label-side,2,2,0,-0.2547847309324108,0.36533425458586594
Q0268,India (Current national sample),Pakistan,Q0268::India (Current national sample)=>Pakistan,GAS,0.8303691425533966,0.9293255605224183,-0.1610896351815152,0.8282559152723212,evidence-side,evidence-side,label-side,evidence-side,3,1,0,0.6067152457916553,0.19817577104688994
Q0268,Japan,Pakistan,Q0268::Japan=>Pakistan,GAS,0.8114770318729828,0.8169784183105301,0.8100216405189677,0.8100215400990911,evidence-side,evidence-side,evidence-side,evidence-side,4,0,0,0.812124657700393,8.206049045780677e-06
Q0268,Pakistan,India (Current national sample),Q0268::Pakistan=>India (Current national sample),GAS,0.6881412045035128,0.6881139166005018,0.6874881069732841,0.6874874730804778,evidence-side,evidence-side,evidence-side,evidence-side,4,0,0,0.6878076752894441,1.0241971013897142e-07
Q0268,Pakistan,Japan,Q0268::Pakistan=>Japan,GAS,0.7635582650250888,0.7630460333061208,0.7629816462204636,0.7629802408386167,evidence-side,evidence-side,evidence-side,evidence-side,4,0,0,0.7631415463475725,5.859117878681331e-08
Q0268,Pakistan,S. Korea,Q0268::Pakistan=>S. Korea,GAS,0.7637803537962478,0.7634590616748731,0.7632818676967482,0.7632730407580639,evidence-side,evidence-side,evidence-side,evidence-side,4,0,0,0.7634485809814833,4.219768372398858e-08
Q0268,S. Korea,Pakistan,Q0268::S. Korea=>Pakistan,GAS,0.8268657326310904,0.8627151596464707,0.8125185943537433,0.8113870371815695,evidence-side,evidence-side,evidence-side,evidence-side,4,0,0,0.8283716309532185,0.00043038522196826666
Q0394,Australia,Palest. ter.,Q0394::Australia=>Palest. ter.,GAS,0.9101596102315278,0.6924653484772291,0.907826438485422,0.9078277355234535,evidence-side,evidence-side,evidence-side,evidence-side,4,0,0,0.8545697831794081,0.00876018936101545
Q0394,Canada,Palest. ter.,Q0394::Canada=>Palest. ter.,GAS,0.907164339114445,0.9876343613656151,0.9072886253315093,0.9059158681244387,evidence-side,evidence-side,evidence-side,evidence-side,4,0,0,0.9270007984840021,0.0012257645316750255
Q0394,Palest. ter.,Australia,Q0394::Palest. ter.=>Australia,GAS,0.9039579437655931,0.9140218196989541,0.9138255350233686,0.8978388840060647,evidence-side,evidence-side,evidence-side,evidence-side,4,0,0,0.9074110456234952,4.7099549652276104e-05
Q0394,Palest. ter.,Canada,Q0394::Palest. ter.=>Canada,GAS,0.8894309528656354,0.8944555126059572,-0.4725398364891956,0.8848697386055571,evidence-side,evidence-side,label-side,evidence-side,3,1,0,0.5490540918969886,0.34789621300011336
Q0394,Palest. ter.,United States,Q0394::Palest. ter.=>United States,GAS,0.8907754564632494,0.8978490354369284,-0.39775163938984937,0.8859218771221848,evidence-side,evidence-side,label-side,evidence-side,3,1,0,0.5691986824081283,0.311682295763186
Q0394,United States,Palest. ter.,Q0394::United States=>Palest. ter.,GAS,0.9085366313725831,0.8679168630140246,0.9060901916823378,0.9060923912648231,evidence-side,evidence-side,evidence-side,evidence-side,4,0,0,0.8971590193334422,0.00028603118387813035
Q0410,Italy,Pakistan,Q0410::Italy=>Pakistan,GAS,0.9120664558926851,0.910591576144995,0.910460019015013,0.9111150104401606,evidence-side,evidence-side,evidence-side,evidence-side,4,0,0,0.9110582653732134,3.9884141675266526e-07
Q0410,Japan,Pakistan,Q0410::Japan=>Pakistan,GAS,0.9126971738865793,0.9118628595168125,0.9113467648543817,0.9113466370991989,evidence-side,evidence-side,evidence-side,evidence-side,4,0,0,0.9118133588392431,3.0477962107911543e-07
Q0410,Pakistan,Italy,Q0410::Pakistan=>Italy,GAS,0.4893929835421169,0.7350399529213653,0.47927223723127116,0.47924332635671546,evidence-side,evidence-side,evidence-side,evidence-side,4,0,0,0.5457371250128672,0.01196230737494384
Q0410,Pakistan,Japan,Q0410::Pakistan=>Japan,GAS,0.5113518358401185,0.9867082735083952,0.48556003188778957,0.4855532321327575,evidence-side,evidence-side,evidence-side,evidence-side,4,0,0,0.6172933433422652,0.04560002897243236
Q0448,Germany,Pakistan,Q0448::Germany=>Pakistan,GAS,0.909492031956058,0.9142738115717495,0.8976830911381402,0.8976819961462851,evidence-side,evidence-side,evidence-side,evidence-side,4,0,0,0.9047827327030581,5.327086188625714e-05
Q0448,Japan,Pakistan,Q0448::Japan=>Pakistan,GAS,0.898496780843866,-0.21194367482187476,0.8970685075074566,0.8971001977308687,evidence-side,label-side,evidence-side,evidence-side,3,1,0,0.6201804528150792,0.23081052054963597
Q0448,Pakistan,Germany,Q0448::Pakistan=>Germany,GAS,0.8987384423632724,0.9089965192109163,0.8980722454341846,0.8980720117520622,evidence-side,evidence-side,evidence-side,evidence-side,4,0,0,0.9009698046901089,2.155004434638781e-05
Q0448,Pakistan,Japan,Q0448::Pakistan=>Japan,GAS,0.8936904296893523,0.9070334352905542,0.89312972943968,0.893129074144766,evidence-side,evidence-side,evidence-side,evidence-side,4,0,0,0.8967456671410882,3.533184993629222e-05
Q0448,Pakistan,United States,Q0448::Pakistan=>United States,GAS,0.8892340772621777,0.9001219169423198,0.8887115092560787,0.8887109227757155,evidence-side,evidence-side,evidence-side,evidence-side,4,0,0,0.8916946065590728,2.3718750788665442e-05
Q0448,United States,Pakistan,Q0448::United States=>Pakistan,GAS,0.8982929724802204,-0.4025735474430014,0.8964461492910641,0.8965101564283599,evidence-side,label-side,evidence-side,evidence-side,3,1,0,0.5721689326891608,0.3167081836318896
Q0514,Australia,China,Q0514::Australia=>China,GAS,0.8222059704076561,0.7396205098963797,0.641648753059396,0.6416486112498591,evidence-side,evidence-side,evidence-side,evidence-side,4,0,0,0.7112809611533226,0.005701199064537091
Q0514,China,Australia,Q0514::China=>Australia,GAS,0.5286539391291137,0.5414387492330912,0.4848734076617897,0.3742380311073493,evidence-side,evidence-side,evidence-side,evidence-side,4,0,0,0.482301031782836,0.0043325227193329215
Q0514,China,Thailand,Q0514::China=>Thailand,GAS,0.5084142510299974,0.5203142486955676,0.4767226777783288,0.3904504292450443,evidence-side,evidence-side,evidence-side,evidence-side,4,0,0,0.4739754016872345,0.0025793229083761384
Q0514,China,Vietnam,Q0514::China=>Vietnam,GAS,0.619269807505637,0.5482912488221022,-0.14946322934984982,0.5255024172394321,evidence-side,evidence-side,label-side,evidence-side,3,1,0,0.3859000610543304,0.09673375174704936
Q0514,Thailand,China,Q0514::Thailand=>China,GAS,0.6400462262579579,0.42454415337878176,0.6603277398923785,0.6292331003402134,evidence-side,evidence-side,evidence-side,evidence-side,4,0,0,0.5885378049673329,0.00908923426180697
Q0514,Vietnam,China,Q0514::Vietnam=>China,GAS,0.6426142597625747,0.8683363417445289,0.6407554040415847,0.6404966494127563,evidence-side,evidence-side,evidence-side,evidence-side,4,0,0,0.6980506637403611,0.009666404592124953
Q0558,Greece,Pakistan,Q0558::Greece=>Pakistan,GAS,0.891554701561888,0.8914727743009708,-0.9209197328485027,0.8874770487390478,evidence-side,evidence-side,label-side,evidence-side,3,1,0,0.437396197938351,0.6150101059254011
Q0558,Italy,Pakistan,Q0558::Italy=>Pakistan,GAS,0.8903968876360675,0.8946565033555351,-0.9065819250323632,0.887809890672571,evidence-side,evidence-side,label-side,evidence-side,3,1,0,0.4415703391579526,0.6058441518958748
Q0558,Pakistan,Greece,Q0558::Pakistan=>Greece,GAS,0.9023321557074903,0.8498999763415326,0.8997017802459526,0.899693562198218,evidence-side,evidence-side,evidence-side,evidence-side,4,0,0,0.8879068686232984,0.0004826647134985945
Q0558,Pakistan,Italy,Q0558::Pakistan=>Italy,GAS,0.8948475621504772,0.7929237182729749,0.8922998469749106,0.8922958473641046,evidence-side,evidence-side,evidence-side,evidence-side,4,0,0,0.8680917436906168,0.0018844941914760614
Q0558,Pakistan,Spain,Q0558::Pakistan=>Spain,GAS,0.8981682758277472,0.6157719062422645,0.8953461237104698,0.8953409137274488,evidence-side,evidence-side,evidence-side,evidence-side,4,0,0,0.8261568048769825,0.01475526507002713
Q0558,Spain,Pakistan,Q0558::Spain=>Pakistan,GAS,0.8893667885092983,0.893622821111542,-0.910614752142664,0.8864769834086716,evidence-side,evidence-side,label-side,evidence-side,3,1,0,0.439712960221712,0.6078014375750286
Q0574,Israel,Pakistan,Q0574::Israel=>Pakistan,GAS,0.8723944823133444,0.8648659509780365,0.8647296606701398,0.8647298051041292,evidence-side,evidence-side,evidence-side,evidence-side,4,0,0,0.8666799747664125,1.0888291398636345e-05
Q0574,Pakistan,Israel,Q0574::Pakistan=>Israel,GAS,0.9235948528666208,0.9229259392428233,0.9226690292079686,0.9226899053917736,evidence-side,evidence-side,evidence-side,evidence-side,4,0,0,0.9229699316772966,1.4035471094718794e-07
Q0595,El Salvador,Palest. ter.,Q0595::El Salvador=>Palest. ter.,GAS,0.7660962564119983,0.7652814026948201,0.7642287078161327,0.7642264103481873,evidence-side,evidence-side,evidence-side,evidence-side,4,0,0,0.7649581943177846,6.16826829880982e-07
Q0595,Israel,Palest. ter.,Q0595::Israel=>Palest. ter.,GAS,0.7611665235108381,0.7616525525867965,0.7597256522239885,0.7597233886694457,evidence-side,evidence-side,evidence-side,evidence-side,4,0,0,0.7605670292477672,7.393497531414542e-07
Q0595,Palest. ter.,El Salvador,Q0595::Palest. ter.=>El Salvador,GAS,0.8385726188081901,0.8354676622327303,0.5360146934922148,0.8349051009293462,evidence-side,evidence-side,evidence-side,evidence-side,4,0,0,0.7612400188656204,0.016910766389681073
Q0595,Palest. ter.,Israel,Q0595::Palest. ter.=>Israel,GAS,0.8543084442976604,0.8518079341244466,0.10636212159346026,0.8515099585786511,evidence-side,evidence-side,evidence-side,evidence-side,4,0,0,0.6659971146485546,0.10439828955583112
Q0595,Palest. ter.,Senegal,Q0595::Palest. ter.=>Senegal,GAS,0.860500388626711,0.8576788472313993,0.9066578250312565,0.8574892585484908,evidence-side,evidence-side,evidence-side,evidence-side,4,0,0,0.8705815798594644,0.00043525381723692616
Q0595,Senegal,Palest. ter.,Q0595::Senegal=>Palest. ter.,GAS,0.7578790168696438,0.7571426090631364,0.7571103939752748,0.757087921951941,evidence-side,evidence-side,evidence-side,evidence-side,4,0,0,0.757304985464999,1.1021514149361952e-07
Q0630,Australia,Pakistan,Q0630::Australia=>Pakistan,GAS,0.8876004846427819,0.7320384328326137,-0.9447158225149243,-0.8962272741290404,evidence-side,evidence-side,label-side,label-side,2,2,0,-0.05532604479214226,0.7517955786888953
Q0630,Pakistan,Australia,Q0630::Pakistan=>Australia,GAS,0.8992079256982031,0.9887873305129633,0.8962450764975686,0.8962553110674648,evidence-side,evidence-side,evidence-side,evidence-side,4,0,0,0.92012391094405,0.001573013105073026
Q0630,Pakistan,Poland,Q0630::Pakistan=>Poland,GAS,0.8990521864923408,0.8823602709859559,0.8963246396153363,0.896298316989088,evidence-side,evidence-side,evidence-side,evidence-side,4,0,0,0.8935088535206802,4.268229768517456e-05
Q0630,Pakistan,Sweden,Q0630::Pakistan=>Sweden,GAS,0.918988715270852,0.9802803205660046,0.9159334593900481,0.9159473562113628,evidence-side,evidence-side,evidence-side,evidence-side,4,0,0,0.9327874628595669,0.0007534058982536097
Q0630,Poland,Pakistan,Q0630::Poland=>Pakistan,GAS,0.8905465166618287,0.885333551481133,-0.9000706438075544,0.8862430372769999,evidence-side,evidence-side,label-side,evidence-side,3,1,0,0.4405131154031018,0.5990588153285585
Q0630,Sweden,Pakistan,Q0630::Sweden=>Pakistan,GAS,0.8934527630418319,0.8842315753492598,-0.928824091069529,0.8986033389854159,evidence-side,evidence-side,label-side,evidence-side,3,1,0,0.4368658965767447,0.6217295563128452
Q0703,Senegal,Turkey,Q0703::Senegal=>Turkey,GAS,0.6558894086559751,0.8279903950817707,0.6538678757290788,0.6538434504473992,evidence-side,evidence-side,evidence-side,evidence-side,4,0,0,0.6978977824785559,0.005642052046056718
Q0703,Turkey,Senegal,Q0703::Turkey=>Senegal,GAS,0.6426802805712356,0.9113819172789352,0.2890505697075598,0.6270473778650848,evidence-side,evidence-side,evidence-side,evidence-side,4,0,0,0.6175400363557039,0.04874270052626929
Q0703,Turkey,Ukraine,Q0703::Turkey=>Ukraine,GAS,0.6196407505776715,0.7488108615305819,0.351480428345066,0.6126693160523784,evidence-side,evidence-side,evidence-side,evidence-side,4,0,0,0.5831503391264244,0.02082931909282431
Q0703,Ukraine,Turkey,Q0703::Ukraine=>Turkey,GAS,0.704334078963844,0.5677950083689612,0.6709658645659341,0.6709787439617004,evidence-side,evidence-side,evidence-side,evidence-side,4,0,0,0.65351842396511,0.002635002683080756
Q0710,Kenya,Ukraine,Q0710::Kenya=>Ukraine,GAS,0.5902971653949287,0.5953591437589697,0.5881547028013414,0.5881038876382613,evidence-side,evidence-side,evidence-side,evidence-side,4,0,0,0.5904787248983753,8.723095706916255e-06
Q0710,Mali,Ukraine,Q0710::Mali=>Ukraine,GAS,0.6212492007780057,0.6312953194628691,0.6200017175469782,0.6199785178990237,evidence-side,evidence-side,evidence-side,evidence-side,4,0,0,0.6231311889217193,2.2481958132170483e-05
Q0710,Ukraine,Kenya,Q0710::Ukraine=>Kenya,GAS,0.8857436902192526,0.8838214185300037,0.883392347093276,0.8833525759414322,evidence-side,evidence-side,evidence-side,evidence-side,4,0,0,0.8840775079459912,9.591792405096582e-07
Q0710,Ukraine,Mali,Q0710::Ukraine=>Mali,GAS,0.8652383357118251,0.8641740722400758,0.8638260421347493,0.8637582270955165,evidence-side,evidence-side,evidence-side,evidence-side,4,0,0,0.8642491692955417,3.510376512020723e-07
Q0739,Jordan,Turkey,Q0739::Jordan=>Turkey,GAS,0.9011660203436557,0.9008307072495657,0.9004969603000091,0.9004912670769754,evidence-side,evidence-side,evidence-side,evidence-side,4,0,0,0.9007462387425514,7.762545336645225e-08
Q0739,Turkey,Jordan,Q0739::Turkey=>Jordan,GAS,0.8860172124344117,0.8785503992528227,0.8797666107017612,0.8779527722813009,evidence-side,evidence-side,evidence-side,evidence-side,4,0,0,0.8805717486675742,1.0311553387076655e-05
Q0747,El Salvador,Jordan,Q0747::El Salvador=>Jordan,GAS,0.8558137931046624,0.5945573476183401,0.4969527316384158,0.5103478206541231,evidence-side,evidence-side,evidence-side,evidence-side,4,0,0,0.6144179232538853,0.020823766485493132
Q0747,Jordan,El Salvador,Q0747::Jordan=>El Salvador,GAS,0.6938204800291822,0.6921765356698864,0.6920511527326427,0.6919316435199597,evidence-side,evidence-side,evidence-side,evidence-side,4,0,0,0.6924949529879177,5.931719372047135e-07
Q0747,Jordan,Morocco,Q0747::Jordan=>Morocco,GAS,0.663896151188023,0.6624989784414472,0.6627630562124996,0.66231503439343,evidence-side,evidence-side,evidence-side,evidence-side,4,0,0,0.66286830505885,3.775138911126374e-07
Q0747,Jordan,Venezuela,Q0747::Jordan=>Venezuela,GAS,0.571502668892236,0.5698260306651395,0.8457263378077912,0.5694756347065902,evidence-side,evidence-side,evidence-side,evidence-side,4,0,0,0.6391326680179392,0.014227568362467968
Q0747,Morocco,Jordan,Q0747::Morocco=>Jordan,GAS,0.5171130351530104,0.7195129656568258,0.3794466397585261,0.7523289818820509,evidence-side,evidence-side,evidence-side,evidence-side,4,0,0,0.5921004056126034,0.023187971742680422
Q0747,Venezuela,Jordan,Q0747::Venezuela=>Jordan,GAS,0.8809916095276112,0.8290482534419499,0.5176275366400253,0.5254438352498748,evidence-side,evidence-side,evidence-side,evidence-side,4,0,0,0.6882778087148653,0.02814783635149251
Q0758,Egypt,Spain,Q0758::Egypt=>Spain,GAS,0.8702466645087578,0.9953309060173433,0.8653721018422432,0.8653718654768146,evidence-side,evidence-side,evidence-side,evidence-side,4,0,0,0.8990803844612897,0.0030920147188414028
Q0758,Jordan,Spain,Q0758::Jordan=>Spain,GAS,0.8678029968012422,0.8838242504500543,0.8654506964298531,0.6341003373159768,evidence-side,evidence-side,evidence-side,evidence-side,4,0,0,0.8127945702492816,0.010693859742278234
Q0758,Spain,Egypt,Q0758::Spain=>Egypt,GAS,0.9414868785661021,0.9496911027775929,0.9394827521363077,0.9394825722783943,evidence-side,evidence-side,evidence-side,evidence-side,4,0,0,0.9425358264395993,1.7735473697175295e-05
Q0758,Spain,Jordan,Q0758::Spain=>Jordan,GAS,0.9411638514655667,0.976096172501085,0.9397026143934366,0.9397024328915619,evidence-side,evidence-side,evidence-side,evidence-side,4,0,0,0.9491662678129125,0.0002420958353432147
Q0817,El Salvador,Vietnam,Q0817::El Salvador=>Vietnam,GAS,0.8866524094252546,0.9090612280192639,0.8858690126696359,0.8858689130170952,evidence-side,evidence-side,evidence-side,evidence-side,4,0,0,0.8918628907828123,9.869656599192506e-05
Q0817,Jordan,Thailand,Q0817::Jordan=>Thailand,GAS,0.878019458133275,0.8769048043795703,0.8764663847409894,0.8763619487181898,evidence-side,evidence-side,evidence-side,evidence-side,4,0,0,0.8769381489930062,4.3122739656335945e-07
Q0817,Jordan,Vietnam,Q0817::Jordan=>Vietnam,GAS,0.8891433736336767,0.8873341405501529,0.8956133406645181,0.8868313910854111,evidence-side,evidence-side,evidence-side,evidence-side,4,0,0,0.8897305614834397,1.2274975687634931e-05
Q0817,Thailand,Jordan,Q0817::Thailand=>Jordan,GAS,0.9089948864068926,0.9252478206464229,0.9075159145056003,0.9075122575639467,evidence-side,evidence-side,evidence-side,evidence-side,4,0,0,0.9123177197807156,5.6094632761118406e-05
Q0817,Vietnam,El Salvador,Q0817::Vietnam=>El Salvador,GAS,0.8993797026531145,0.9212994581025071,0.8976242166778491,0.8986983183936184,evidence-side,evidence-side,evidence-side,evidence-side,4,0,0,0.9042504239567722,9.728149760199949e-05
Q0817,Vietnam,Jordan,Q0817::Vietnam=>Jordan,GAS,0.9109076146768879,0.9197376784491108,0.9094687212061712,0.9094653794469197,evidence-side,evidence-side,evidence-side,evidence-side,4,0,0,0.9123948484447724,1.8318256494703084e-05
Q0830,Jordan,United States,Q0830::Jordan=>United States,GAS,0.8732000264091715,0.16113208223722478,0.8726108015853653,0.8726107031909391,evidence-side,evidence-side,evidence-side,evidence-side,4,0,0,0.6948884033556753,0.09496532798528062
Q0830,Palest. ter.,United States,Q0830::Palest. ter.=>United States,GAS,0.8753441843602405,0.12182698436614514,0.8729641698275639,0.872964035564679,evidence-side,evidence-side,evidence-side,evidence-side,4,0,0,0.6857748435296571,0.10601334008315969
Q0830,United States,Jordan,Q0830::United States=>Jordan,GAS,0.9170059633030753,0.9706457587774825,0.9142068705128447,0.9142055740389919,evidence-side,evidence-side,evidence-side,evidence-side,4,0,0,0.9290160416580986,0.0005789842076599382
Q0830,United States,Palest. ter.,Q0830::United States=>Palest. ter.,GAS,0.944354267876126,0.935709043788367,0.9402517466092496,0.9402505053051764,evidence-side,evidence-side,evidence-side,evidence-side,4,0,0,0.9401413908947297,9.3545294174888e-06
Q0868,France,Pakistan,Q0868::France=>Pakistan,GAS,0.33482074721322524,0.42726905550435545,0.3332407474997269,0.33307648630015346,evidence-side,evidence-side,evidence-side,evidence-side,4,0,0,0.35710175912936526,0.0016416136457726715
Q0868,Pakistan,France,Q0868::Pakistan=>France,GAS,0.6695320326707512,0.7143123220221118,0.6688082594878763,0.6687507755790607,evidence-side,evidence-side,evidence-side,evidence-side,4,0,0,0.68035084743995,0.00038455537815355244
Q0868,Pakistan,United States,Q0868::Pakistan=>United States,GAS,0.7449343161504235,0.7470401783185721,0.7442797517279762,0.7441917950673209,evidence-side,evidence-side,evidence-side,evidence-side,4,0,0,0.7451115103160731,1.3222141309659443e-06
Q0868,United States,Pakistan,Q0868::United States=>Pakistan,GAS,0.37085086948656343,0.7520812818343289,-0.7484983556130759,0.5608641832853711,evidence-side,evidence-side,label-side,evidence-side,3,1,0,0.23382449474829692,0.33981986623879173
Q0914,Netherlands,Vietnam,Q0914::Netherlands=>Vietnam,GAS,0.9090547245614726,0.9294389469813309,-0.8990611085434186,-0.8838829689351654,evidence-side,evidence-side,label-side,label-side,2,2,0,0.013887398516054889,0.8197564471830222
Q0914,Poland,Vietnam,Q0914::Poland=>Vietnam,GAS,0.9158743635278616,0.9109791163027152,-0.8903969472658348,0.9071098662371578,evidence-side,evidence-side,label-side,evidence-side,3,1,0,0.4608915997004749,0.6086698916336257
Q0914,Sweden,Vietnam,Q0914::Sweden=>Vietnam,GAS,0.9167692984313031,0.7307797893014418,-0.953476182582126,-0.8997519750609859,evidence-side,evidence-side,label-side,label-side,2,2,0,-0.05141976747759172,0.7706498811063535
Q0914,Vietnam,Netherlands,Q0914::Vietnam=>Netherlands,GAS,0.8854103370510014,0.8919854073718659,0.8844837062378679,0.8838829733901533,evidence-side,evidence-side,evidence-side,evidence-side,4,0,0,0.8864406060127221,1.0544304401675264e-05
Q0914,Vietnam,Poland,Q0914::Vietnam=>Poland,GAS,0.8902814853385581,0.8941087693118658,0.8899859131878151,0.8886239007509016,evidence-side,evidence-side,evidence-side,evidence-side,4,0,0,0.8907500171472851,4.151240987678253e-06
Q0914,Vietnam,Sweden,Q0914::Vietnam=>Sweden,GAS,0.9018757170835088,0.905960597456843,0.9004275052224102,0.8997514855723809,evidence-side,evidence-side,evidence-side,evidence-side,4,0,0,0.9020038263337857,5.807569212979989e-06
Q0956,Israel,Kuwait,Q0956::Israel=>Kuwait,GAS,0.26972762994594796,0.7674847671242321,-0.5190757634443376,0.6498221119425543,evidence-side,evidence-side,label-side,evidence-side,3,1,0,0.2919896863920992,0.2531155949128432
Q0956,Israel,Pakistan,Q0956::Israel=>Pakistan,GAS,0.31109688085335835,0.7446343818284076,-0.5415003065421702,0.6347504280916489,evidence-side,evidence-side,label-side,evidence-side,3,1,0,0.28724534605781116,0.25433819112449313
Q0956,Kuwait,Israel,Q0956::Kuwait=>Israel,GAS,0.8724321391653798,0.6499214152101823,0.5192518222029049,0.5189052928029303,evidence-side,evidence-side,evidence-side,evidence-side,4,0,0,0.6401276673453493,0.02084177978835649
Q0956,Pakistan,Israel,Q0956::Pakistan=>Israel,GAS,0.35388044694655346,0.6598825062860894,0.5412274268952905,0.5412272767991777,evidence-side,evidence-side,evidence-side,evidence-side,4,0,0,0.5240544142317777,0.011999567326351778
Q0990,Canada,Pakistan,Q0990::Canada=>Pakistan,GAS,0.8877918280622719,0.8880700857317363,0.8854660870484848,0.8853640778801939,evidence-side,evidence-side,evidence-side,evidence-side,4,0,0,0.8866730196806718,1.5933851903628938e-06
Q0990,Pakistan,Canada,Q0990::Pakistan=>Canada,GAS,0.8904463166522353,0.8921847737037624,0.8889739775524476,0.8882475022540569,evidence-side,evidence-side,evidence-side,evidence-side,4,0,0,0.8899631425406256,2.27274280347125e-06
Q1024,Indonesia,Sweden,Q1024::Indonesia=>Sweden,GAS,0.9040801692759062,0.9071270592606034,0.902539354162831,0.9025392848388886,evidence-side,evidence-side,evidence-side,evidence-side,4,0,0,0.9040714668845573,3.5079179283278887e-06
Q1024,Netherlands,Nigeria,Q1024::Netherlands=>Nigeria,GAS,0.8955703922250099,0.9629657015121669,0.8937280091825699,0.8935521741791375,evidence-side,evidence-side,evidence-side,evidence-side,4,0,0,0.9114540692747211,0.0008851076266973055
Q1024,Nigeria,Netherlands,Q1024::Nigeria=>Netherlands,GAS,0.8924981981856387,0.9048819386215442,0.8905725063202812,0.8905724266804756,evidence-side,evidence-side,evidence-side,evidence-side,4,0,0,0.894631267451985,3.564349356353993e-05
Q1024,Nigeria,Sweden,Q1024::Nigeria=>Sweden,GAS,0.9066463937392029,0.9150026125261405,0.9041903073526193,0.9041902353997738,evidence-side,evidence-side,evidence-side,evidence-side,4,0,0,0.9075073872544341,1.9731556802198913e-05
Q1024,Sweden,Indonesia,Q1024::Sweden=>Indonesia,GAS,0.9327781923124807,-0.8055158880193002,0.8842595470565687,0.8843414097546158,evidence-side,label-side,evidence-side,evidence-side,3,1,0,0.4739658152760913,0.5460828253178527
Q1024,Sweden,Nigeria,Q1024::Sweden=>Nigeria,GAS,0.9055682002037119,-0.8441358416021236,0.8951127647673394,0.895113534038528,evidence-side,label-side,evidence-side,evidence-side,3,1,0,0.4629146643518639,0.5694785597194734
Q1035,Ghana,Sweden,Q1035::Ghana=>Sweden,GAS,0.8865215650782826,0.8976222635492475,0.8850806896406272,0.8850094694934174,evidence-side,evidence-side,evidence-side,evidence-side,4,0,0,0.8885584969403937,2.7747923996088878e-05
Q1035,Indonesia,Sweden,Q1035::Indonesia=>Sweden,GAS,0.8868229443274495,0.9132666693621527,0.8850096814718543,0.8850094582155652,evidence-side,evidence-side,evidence-side,evidence-side,4,0,0,0.8925271883442555,0.0001439234121398509
Q1035,Pakistan,Sweden,Q1035::Pakistan=>Sweden,GAS,0.887940107216941,0.9290160456592185,0.8850056990446341,0.8850055480439344,evidence-side,evidence-side,evidence-side,evidence-side,4,0,0,0.896741849991182,0.000348643101079933
Q1035,Sweden,Ghana,Q1035::Sweden=>Ghana,GAS,0.9618961778903861,-0.9568335169131726,-0.891368511238653,-0.8850102316744545,evidence-side,label-side,label-side,label-side,1,3,0,-0.4428290204839735,0.6585413508984166
Q1035,Sweden,Indonesia,Q1035::Sweden=>Indonesia,GAS,0.9618961778903861,-0.9568335169131726,-0.891368511238653,-0.8850102316744545,evidence-side,label-side,label-side,label-side,1,3,0,-0.4428290204839735,0.6585413508984166
Q1035,Sweden,Pakistan,Q1035::Sweden=>Pakistan,GAS,0.030639590120943676,-0.9728207071274142,-0.8901367192447485,-0.8850064624510612,evidence-side,label-side,label-side,label-side,1,3,0,-0.6793310746755701,0.16923397353678687
Q1094,Jordan,Uzbekistan,Q1094::Jordan=>Uzbekistan,GAS,0.8983773569407005,0.9252807015617129,0.8973934900911037,0.8973934266405909,evidence-side,evidence-side,evidence-side,evidence-side,4,0,0,0.904611243808527,0.0001425701706716823
Q1094,Palest. ter.,Uzbekistan,Q1094::Palest. ter.=>Uzbekistan,GAS,0.8978216480326405,0.9363778184133829,0.89651831793489,0.8965182477611714,evidence-side,evidence-side,evidence-side,evidence-side,4,0,0,0.9068090080355211,0.00029172130918867086
Q1094,Uzbekistan,Jordan,Q1094::Uzbekistan=>Jordan,GAS,0.8897453673464863,0.9701202994077691,0.8881470323395345,0.8881467719601638,evidence-side,evidence-side,evidence-side,evidence-side,4,0,0,0.9090398677634886,0.0012440322251231664
Q1094,Uzbekistan,Palest. ter.,Q1094::Uzbekistan=>Palest. ter.,GAS,0.8846878310877689,0.9562164819442053,0.8828079282967101,0.8828076295581619,evidence-side,evidence-side,evidence-side,evidence-side,4,0,0,0.9016299677217114,0.000993818277686254
Q1110,Sweden,Vietnam,Q1110::Sweden=>Vietnam,GAS,0.48428567443482873,0.5061191923801254,0.015777558208682728,0.007276276230592905,evidence-side,evidence-side,evidence-side,evidence-side,4,0,0,0.25336467531355744,0.05855412302753551
Q1110,Vietnam,Sweden,Q1110::Vietnam=>Sweden,GAS,0.7700892864955515,0.7816166179454838,0.7684736518296214,0.768504457378325,evidence-side,evidence-side,evidence-side,evidence-side,4,0,0,0.7721710034122453,3.0166786944040865e-05
Q1139,Kenya,Palest. ter.,Q1139::Kenya=>Palest. ter.,GAS,0.34308399002440065,0.8531140561670074,0.5612989560149956,0.5571673210246536,evidence-side,evidence-side,evidence-side,evidence-side,4,0,0,0.5786660808077643,0.03289610659310705
Q1139,Palest. ter.,Kenya,Q1139::Palest. ter.=>Kenya,GAS,0.7291428005989702,0.7219835721425771,0.2529284718600291,0.2642258568871479,evidence-side,evidence-side,evidence-side,evidence-side,4,0,0,0.49207017537218106,0.05454134686775661
Q1139,Palest. ter.,Uganda,Q1139::Palest. ter.=>Uganda,GAS,0.6159200572746197,0.8092812303905139,0.23398953469927147,0.890112574615239,evidence-side,evidence-side,evidence-side,evidence-side,4,0,0,0.637325849244911,0.06415204304737941
Q1139,Uganda,Palest. ter.,Q1139::Uganda=>Palest. ter.,GAS,0.5515212436003782,0.7279713206605042,0.7275091709726165,0.5499878653888273,evidence-side,evidence-side,evidence-side,evidence-side,4,0,0,0.6392474001555816,0.007831304337062021
Q1155,Indonesia,Sweden,Q1155::Indonesia=>Sweden,GAS,0.8905692412200815,0.9333555264106671,0.889087341428667,0.8890872771458707,evidence-side,evidence-side,evidence-side,evidence-side,4,0,0,0.9005248465513216,0.00035965053371837715
Q1155,Kenya,Sweden,Q1155::Kenya=>Sweden,GAS,0.8890714808136481,0.8895720610931871,0.8882994808427289,0.8876706152443326,evidence-side,evidence-side,evidence-side,evidence-side,4,0,0,0.8886534094984742,5.274636040928129e-07
Q1155,Philippines,Sweden,Q1155::Philippines=>Sweden,GAS,0.8895956467618157,0.9302028566961572,0.8881498042862636,0.8881497436374773,evidence-side,evidence-side,evidence-side,evidence-side,4,0,0,0.8990245128454284,0.0003243781331174887
Q1155,Sweden,Indonesia,Q1155::Sweden=>Indonesia,GAS,0.9401290894108386,0.3179786667117985,0.9356724568610563,0.9282021479805818,evidence-side,evidence-side,evidence-side,evidence-side,4,0,0,0.7804955902410687,0.07132546143535481
Q1155,Sweden,Kenya,Q1155::Sweden=>Kenya,GAS,0.9105966798459197,0.8338956826107528,0.9368898568430725,0.90339148164207,evidence-side,evidence-side,evidence-side,evidence-side,4,0,0,0.8961934252354538,0.0014491185102834534
Q1155,Sweden,Philippines,Q1155::Sweden=>Philippines,GAS,0.9158102124474272,0.7586514485869958,0.9490055402536147,0.9096815819690134,evidence-side,evidence-side,evidence-side,evidence-side,4,0,0,0.8832871958142628,0.005401845128538915
Q1223,Germany,Pakistan,Q1223::Germany=>Pakistan,GAS,0.8783838951629707,0.9521029082176918,0.8968543634373914,-0.9126302111153431,evidence-side,evidence-side,evidence-side,label-side,3,1,0,0.4536777389256777,0.6230014758471305
Q1223,Italy,Pakistan,Q1223::Italy=>Pakistan,GAS,0.8785914197878925,0.9702507051491732,0.9126724211465719,-0.9386799196095745,evidence-side,evidence-side,evidence-side,label-side,3,1,0,0.4557086566185158,0.6491796836747366
Q1223,Pakistan,Germany,Q1223::Pakistan=>Germany,GAS,0.9162537638953575,0.915834169902357,0.9126421762159471,0.9126621445071263,evidence-side,evidence-side,evidence-side,evidence-side,4,0,0,0.9143480636301969,2.898145128104393e-06
Q1223,Pakistan,Italy,Q1223::Pakistan=>Italy,GAS,0.942923093609106,0.8789934891896266,0.9387261682527329,0.9387208419490947,evidence-side,evidence-side,evidence-side,evidence-side,4,0,0,0.9248408982501402,0.0007036010666732287
Q1223,Pakistan,Spain,Q1223::Pakistan=>Spain,GAS,0.9276999783870566,0.838680783851594,0.9232659234244066,0.9233096483218655,evidence-side,evidence-side,evidence-side,evidence-side,4,0,0,0.9032390834962307,0.001392502830448882
Q1223,Spain,Pakistan,Q1223::Spain=>Pakistan,GAS,0.8756317015863959,0.873363153545606,-0.9655845140228972,0.8785262056641236,evidence-side,evidence-side,label-side,evidence-side,3,1,0,0.4154841366933071,0.6357868877946298
Q1262,Germany,Peru,Q1262::Germany=>Peru,WVS,0.4902027739102217,0.4631655433847737,0.4876830461300358,0.4871639474764024,evidence-side,evidence-side,evidence-side,evidence-side,4,0,0,0.48205382772535843,0.00012024350824303591
Q1262,Peru,Germany,Q1262::Peru=>Germany,WVS,0.5494877447636805,0.3639710713143201,0.36445001683031564,0.5473041046803949,evidence-side,evidence-side,evidence-side,evidence-side,4,0,0,0.4563032343971778,0.008481688320373125
Q1321,Greece,Vietnam,Q1321::Greece=>Vietnam,WVS,0.6185588933219863,0.9063641896064604,-0.2989982198588556,0.6137589671947977,evidence-side,evidence-side,label-side,evidence-side,3,1,0,0.4599209575660972,0.2060255012913556
Q1321,Tunisia,Vietnam,Q1321::Tunisia=>Vietnam,WVS,0.6350707283445464,0.746466730223393,0.6231798826146938,0.6228741908773914,evidence-side,evidence-side,evidence-side,evidence-side,4,0,0,0.6568978830150061,0.0026983795622295462
Q1321,Vietnam,Greece,Q1321::Vietnam=>Greece,WVS,0.845481167015663,0.7959734442073827,0.5914030745271103,0.5890318806274774,evidence-side,evidence-side,evidence-side,evidence-side,4,0,0,0.7054723915944083,0.013590774852363856
Q1321,Vietnam,Tunisia,Q1321::Vietnam=>Tunisia,WVS,0.6905871795013495,0.796843872764034,0.6028244327464385,0.5976276085991756,evidence-side,evidence-side,evidence-side,evidence-side,4,0,0,0.6719707734027494,0.0065619960248227945
Q1322,China,Maldives,Q1322::China=>Maldives,WVS,0.8825441949869123,0.8822606949912061,0.8807005922691334,0.880688769976116,evidence-side,evidence-side,evidence-side,evidence-side,4,0,0,0.881548563055842,7.391783576469891e-07
Q1322,Maldives,China,Q1322::Maldives=>China,WVS,0.42739067589845536,0.6181755745726623,0.43553429037434677,0.43323416891510586,evidence-side,evidence-side,evidence-side,evidence-side,4,0,0,0.4785836774401425,0.006504112200526558
Q1322,Maldives,South Korea,Q1322::Maldives=>South Korea,WVS,0.693355377155277,0.5083660493655406,0.4683635698287221,0.44348748005209676,evidence-side,evidence-side,evidence-side,evidence-side,4,0,0,0.5283931191004091,0.009606536108172574
Q1322,Maldives,Taiwan ROC,Q1322::Maldives=>Taiwan ROC,WVS,0.6013689038448448,0.7044946500107427,0.5454525210414715,0.5453694930138456,evidence-side,evidence-side,evidence-side,evidence-side,4,0,0,0.5991713919777261,0.00421954479197028
Q1322,South Korea,Maldives,Q1322::South Korea=>Maldives,WVS,0.892658095089336,0.8994340227303226,-0.3814574316785789,0.8912555238723594,evidence-side,evidence-side,label-side,evidence-side,3,1,0,0.5754725525033598,0.3052478955625639
Q1322,Taiwan ROC,Maldives,Q1322::Taiwan ROC=>Maldives,WVS,0.886357813948795,0.8862536962551681,0.8830357822477919,0.8830283116695085,evidence-side,evidence-side,evidence-side,evidence-side,4,0,0,0.8846689010303158,2.6806532898868197e-06
Q1333,Lebanon,Vietnam,Q1333::Lebanon=>Vietnam,WVS,0.5532818412706375,0.8853325313306745,-0.77305741958528,0.5299730521738236,evidence-side,evidence-side,label-side,evidence-side,3,1,0,0.2988825012974639,0.40277517464779555
Q1333,Peru,Vietnam,Q1333::Peru=>Vietnam,WVS,0.5405680710880667,0.5352750949345114,0.5401421861019985,0.5395334945910377,evidence-side,evidence-side,evidence-side,evidence-side,4,0,0,0.5388797116789037,4.466273283407353e-06
Q1333,Serbia,Vietnam,Q1333::Serbia=>Vietnam,WVS,0.5626329914707076,0.5683063490155408,0.52669870241671,0.5264926156815618,evidence-side,evidence-side,evidence-side,evidence-side,4,0,0,0.54603266464613,0.00038182586877432106
Q1333,Vietnam,Lebanon,Q1333::Vietnam=>Lebanon,WVS,0.5349078797334743,0.5910218020150718,0.4787278984738519,0.5318570971110849,evidence-side,evidence-side,evidence-side,evidence-side,4,0,0,0.5341286693333707,0.001577960291843812
Q1333,Vietnam,Peru,Q1333::Vietnam=>Peru,WVS,0.6057091774883433,0.639813794419089,0.7985837453084814,0.6035130266231361,evidence-side,evidence-side,evidence-side,evidence-side,4,0,0,0.6619049359597624,0.006434173451427101
Q1333,Vietnam,Serbia,Q1333::Vietnam=>Serbia,WVS,0.5445164761773651,0.5757752001372752,0.4295510406881734,0.5419029948922657,evidence-side,evidence-side,evidence-side,evidence-side,4,0,0,0.5229364279737698,0.0030845488858427363
Q1371,Argentina,Vietnam,Q1371::Argentina=>Vietnam,WVS,0.8858954106957783,0.8890010304668611,0.8817065958234763,0.8816900584289799,evidence-side,evidence-side,evidence-side,evidence-side,4,0,0,0.8845732738537739,9.470962142220902e-06
Q1371,Vietnam,Argentina,Q1371::Vietnam=>Argentina,WVS,0.9180028022124238,0.8519199030513257,0.9144887199844944,0.9228618737281522,evidence-side,evidence-side,evidence-side,evidence-side,4,0,0,0.9018183247440992,0.0008387899169361561
Q1375,Australia,Vietnam,Q1375::Australia=>Vietnam,WVS,-0.9506847412795167,0.6297216678210951,0.9045944365766503,0.7911757412786072,label-side,evidence-side,evidence-side,evidence-side,3,1,0,0.34370177609920893,0.5680193402308154
Q1375,Great Britain,Vietnam,Q1375::Great Britain=>Vietnam,WVS,-0.9668764819728962,0.6077224050516976,0.9044552513656878,0.9774961435444425,label-side,evidence-side,evidence-side,evidence-side,3,1,0,0.38069932949723295,0.62449668686069
Q1375,Uruguay,Vietnam,Q1375::Uruguay=>Vietnam,WVS,-0.9937697879689755,0.8425115112433185,0.904653025460095,0.9656172547087393,label-side,evidence-side,evidence-side,evidence-side,3,1,0,0.4297530008607943,0.6773668125318293
Q1375,Vietnam,Australia,Q1375::Vietnam=>Australia,WVS,0.9140843408310574,0.6425176863789303,0.9129659457627911,0.912008354323722,evidence-side,evidence-side,evidence-side,evidence-side,4,0,0,0.8453940818241252,0.013720150402017666
Q1375,Vietnam,Great Britain,Q1375::Vietnam=>Great Britain,WVS,0.9124274062444657,0.4876511303164261,0.9103971163710042,0.9128031648529983,evidence-side,evidence-side,evidence-side,evidence-side,4,0,0,0.8058197044462235,0.033744584882996136
Q1375,Vietnam,Uruguay,Q1375::Vietnam=>Uruguay,WVS,0.9149083896771413,0.3072073016414671,0.9129355043566709,0.9126906868611089,evidence-side,evidence-side,evidence-side,evidence-side,4,0,0,0.7619354706340971,0.06892664175995278
Q1392,Australia,Vietnam,Q1392::Australia=>Vietnam,WVS,0.4059625033688745,0.9800904252337262,0.537774024622953,0.5376221764353732,evidence-side,evidence-side,evidence-side,evidence-side,4,0,0,0.6153622824152316,0.047234586863373014
Q1392,Vietnam,Australia,Q1392::Vietnam=>Australia,WVS,0.39919175728043965,0.5937080685679911,0.5505525149932476,0.5505344064316806,evidence-side,evidence-side,evidence-side,evidence-side,4,0,0,0.5234966868183398,0.0054611024386843395
Q1395,Iran,Japan,Q1395::Iran=>Japan,WVS,0.7727076469752988,0.7801047051977089,0.7688623338328734,0.7688619563357653,evidence-side,evidence-side,evidence-side,evidence-side,4,0,0,0.7726341605854116,2.106765975150898e-05
Q1395,Iran,New Zealand,Q1395::Iran=>New Zealand,WVS,0.804526135469581,0.8188564840772901,0.8011205812325057,0.8011200651861334,evidence-side,evidence-side,evidence-side,evidence-side,4,0,0,0.8064058164913775,5.3606300670276594e-05
Q1395,Japan,Iran,Q1395::Japan=>Iran,WVS,-0.8112978142386336,0.09291026446356415,-0.750667873118893,0.49692749028844674,label-side,evidence-side,label-side,evidence-side,2,2,0,-0.24303198315137894,0.3102543669075805
Q1395,New Zealand,Iran,Q1395::New Zealand=>Iran,WVS,0.4393156964755896,0.4346084146404174,-0.757266357979912,-0.8011207338055971,evidence-side,evidence-side,label-side,label-side,2,2,0,-0.17111574516737554,0.3700017823326808
Q1430,Tunisia,Vietnam,Q1430::Tunisia=>Vietnam,WVS,0.5758930805733161,0.7863558782390716,-0.31980644090805216,0.5642484000023579,evidence-side,evidence-side,label-side,evidence-side,3,1,0,0.40167272947667343,0.18132422440597468
Q1430,Vietnam,Tunisia,Q1430::Vietnam=>Tunisia,WVS,0.5874120951144169,0.7245236915415756,0.8753939428172628,0.5769250386848017,evidence-side,evidence-side,evidence-side,evidence-side,4,0,0,0.6910636920395142,0.01471712466330392
Q1456,Ethiopia,South Korea,Q1456::Ethiopia=>South Korea,WVS,-0.08095788650101941,0.36729723099315914,0.36375659427126067,-0.0873766021188886,label-side,evidence-side,evidence-side,label-side,2,2,0,0.14067983416112795,0.05056292569930333
Q1456,South Korea,Ethiopia,Q1456::South Korea=>Ethiopia,WVS,0.737059653003158,0.7562792571711775,0.7337687636163217,0.7333788123298017,evidence-side,evidence-side,evidence-side,evidence-side,4,0,0,0.7401216215301147,8.90672800885209e-05
Q1483,Argentina,Maldives,Q1483::Argentina=>Maldives,WVS,0.9055169705042498,0.9067515582632021,0.9065026660594019,0.9042230514094504,evidence-side,evidence-side,evidence-side,evidence-side,4,0,0,0.905748561559076,9.888729047964671e-07
Q1483,Greece,Maldives,Q1483::Greece=>Maldives,WVS,0.9044925850770933,0.977445278309556,0.9036417292441873,0.9036416414791318,evidence-side,evidence-side,evidence-side,evidence-side,4,0,0,0.922305308527492,0.0010135927609108892
Q1483,Maldives,Argentina,Q1483::Maldives=>Argentina,WVS,0.8948177649451753,0.900117308970591,0.8928092196596372,0.8923574371507638,evidence-side,evidence-side,evidence-side,evidence-side,4,0,0,0.8950254326815419,9.500032585604871e-06
Q1483,Maldives,Greece,Q1483::Maldives=>Greece,WVS,0.8911227712056593,0.8971699345804605,0.8885780444071949,0.8884648242308375,evidence-side,evidence-side,evidence-side,evidence-side,4,0,0,0.891333893606038,1.248255270238926e-05
Q1483,Maldives,Vietnam,Q1483::Maldives=>Vietnam,WVS,0.8889601281286278,0.8967667777508197,0.8895335209255405,0.8869623079392778,evidence-side,evidence-side,evidence-side,evidence-side,4,0,0,0.8905556836860664,1.3770163246175389e-05
Q1483,Vietnam,Maldives,Q1483::Vietnam=>Maldives,WVS,0.9042233559860696,0.9582363847603662,0.9034018226899646,0.9034017867508188,evidence-side,evidence-side,evidence-side,evidence-side,4,0,0,0.9173158375468048,0.0005582762191662866
Q1508,Germany,Myanmar,Q1508::Germany=>Myanmar,WVS,0.9526203770011048,0.5906093062574532,0.888251578924551,0.8891298910895213,evidence-side,evidence-side,evidence-side,evidence-side,4,0,0,0.8301527883181576,0.01980828954920302
Q1508,Myanmar,Germany,Q1508::Myanmar=>Germany,WVS,0.9568195062454498,0.31061486446831527,0.9509999096966614,0.9508107354243553,evidence-side,evidence-side,evidence-side,evidence-side,4,0,0,0.7923112539586955,0.07734963795082903
Q1508,Myanmar,Netherlands,Q1508::Myanmar=>Netherlands,WVS,0.9708783898567119,0.29079311861437096,0.9649909098730469,0.9642189348437975,evidence-side,evidence-side,evidence-side,evidence-side,4,0,0,0.7977203382969817,0.08566503591063676
Q1508,Myanmar,Northern Ireland,Q1508::Myanmar=>Northern Ireland,WVS,0.9594097442671743,0.13590015595387683,0.9540520525029347,0.9535825913513996,evidence-side,evidence-side,evidence-side,evidence-side,4,0,0,0.7507361360188463,0.12601300087464362
Q1508,Netherlands,Myanmar,Q1508::Netherlands=>Myanmar,WVS,0.935357673490875,0.942881316085484,0.8996575825487441,0.8884175419187356,evidence-side,evidence-side,evidence-side,evidence-side,4,0,0,0.9165785285109597,0.0005309631246177186
Q1508,Northern Ireland,Myanmar,Q1508::Northern Ireland=>Myanmar,WVS,0.9208223878072412,0.6473940438321567,0.8882952487159643,0.8883661044170391,evidence-side,evidence-side,evidence-side,evidence-side,4,0,0,0.8362194461931004,0.01206096336971565
Q1510,Brazil,Singapore,Q1510::Brazil=>Singapore,WVS,0.3578716502086724,0.524095585314956,0.38145633722863276,0.1318852508171021,evidence-side,evidence-side,evidence-side,evidence-side,4,0,0,0.34882720589234084,0.01973231972051223
Q1510,Colombia,Singapore,Q1510::Colombia=>Singapore,WVS,0.7161019667210268,0.6575083019172369,-0.049044122730158436,0.13645338006962937,evidence-side,evidence-side,label-side,evidence-side,3,1,0,0.36525488149443364,0.10812488272913935
Q1510,Peru,Singapore,Q1510::Peru=>Singapore,WVS,0.3048311790331621,0.43470254238735384,0.29669890917077874,0.31228652515857486,evidence-side,evidence-side,evidence-side,evidence-side,4,0,0,0.3371297889374674,0.003203871552859721
Q1510,Singapore,Brazil,Q1510::Singapore=>Brazil,WVS,0.8149017485457789,0.815041583887211,0.8146634404463982,0.8142338681329653,evidence-side,evidence-side,evidence-side,evidence-side,4,0,0,0.8147101602530884,9.389615579491823e-08
Q1510,Singapore,Colombia,Q1510::Singapore=>Colombia,WVS,0.7712500876751629,0.7721785937321017,0.7724770340960441,0.7707301484304842,evidence-side,evidence-side,evidence-side,evidence-side,4,0,0,0.7716589659834482,4.922829879243204e-07
Q1510,Singapore,Peru,Q1510::Singapore=>Peru,WVS,0.6885674728640773,0.688725364980693,0.6883919082041695,0.6883037386560247,evidence-side,evidence-side,evidence-side,evidence-side,4,0,0,0.6884971211762411,2.6377790717370502e-08
